101,Alabama
102,Alaska
103,Arizona
104,Arkansas
105,California
106,Colorado
107,Connecticut
108,Delaware
109,District Of Columbia
110,Florida
111,Georgia
112,Hawaii
113,Idaho
114,Illinois
115,Indiana
116,Iowa
117,Kansas
118,Kentucky
119,Louisiana
120,Maine
121,Maryland
122,Massachusetts
123,Michigan
124,Minnesota
125,Mississippi
126,Missouri
127,Montana
128,Nebraska
129,Nevada
130,New Hampshire
131,New Jersey
132,New Mexico
133,New York
134,North Carolina
135,North Dakota
136,Ohio
137,Oklahoma
138,Oregon
139,Pennsylvania
141,Rhode Island
142,South Carolina
143,South Dakota
144,Tennessee
145,Texas
146,Utah
147,Vermont
148,Virginia
149,Washington
150,West Virginia
151,Wisconsin
152,Wyoming
